[
    {
        "id": "123",
        "src": "https://lectrum.io/images/instagram/image-1.jpg",
        "public": true
    },
    {
        "id": "456",
        "src": "https://lectrum.io/images/instagram/image-2.jpg",
        "public": true
    },
    {
        "id": "789",
        "src": "https://lectrum.io/images/instagram/image-3.jpg",
        "public": true
    },
    {
        "id": "987",
        "src": "https://lectrum.io/images/instagram/image-4.jpg",
        "public": true
    },
    {
        "id": "654",
        "src": "https://lectrum.io/images/instagram/image-5.jpg",
        "public": true
    },
    {
        "id": "321",
        "src": "https://lectrum.io/images/instagram/image-6.jpg",
        "public": true
    },
    {
        "id": "132",
        "src": "https://lectrum.io/images/instagram/image-7.jpg",
        "public": true
    },
    {
        "id": "312",
        "src": "https://lectrum.io/images/instagram/image-8.jpg",
        "public": true
    },
    {
        "id": "423",
        "src": "https://lectrum.io/images/instagram/image-9.jpg",
        "public": true
    },
    {
        "id": "432",
        "src": "https://lectrum.io/images/instagram/image-10.jpg",
        "public": true
    },
    {
        "id": "534",
        "src": "https://lectrum.io/images/instagram/image-11.jpg",
        "public": true
    },
    {
        "id": "645",
        "src": "https://lectrum.io/images/instagram/image-12.jpg",
        "public": false
    },
    {
        "id": "634",
        "src": "https://lectrum.io/images/instagram/image-13.jpg",
        "public": true
    },
    {
        "id": "8124",
        "src": "https://lectrum.io/images/instagram/image-14.jpg",
        "public": false
    },
    {
        "id": "6498",
        "src": "https://lectrum.io/images/instagram/image-15.jpg",
        "public": false
    }
]
