[
    {
        "id": "123",
        "src": "https://lectrum.io/images/instagram/story-1.jpg",
        "message": "#LaunchAmerica"
    },
    {
        "id": "456",
        "src": "https://lectrum.io/images/instagram/story-2.jpg",
        "message": "Webb"
    },
    {
        "id": "789",
        "src": "https://lectrum.io/images/instagram/story-3.jpg",
        "message": "Moon Tour"
    },
    {
        "id": "987",
        "src": "https://lectrum.io/images/instagram/story-4.jpg",
        "message": "Oscars Gold"
    },
    {
        "id": "654",
        "src": "https://lectrum.io/images/instagram/story-5.jpg",
        "message": "WomenInScience"
    },
    {
        "id": "321",
        "src": "https://lectrum.io/images/instagram/story-6.jpg",
        "message": "We Remember"
    },
    {
        "id": "132",
        "src": "https://lectrum.io/images/instagram/story-7.jpg",
        "message": "Search for Life"
    }
]
